{
  "project_info": {
    "project_number": "641788568055",
    "firebase_url": "https://monitoring-sauce-level-default-rtdb.asia-southeast1.firebasedatabase.app",
    "project_id": "monitoring-sauce-level",
    "storage_bucket": "monitoring-sauce-level.firebasestorage.app"
  },
  "client": [
    {
      "client_info": {
        "mobilesdk_app_id": "1:641788568055:android:8546297314845bf375cef2",
        "android_client_info": {
          "package_name": "com.example.saucemonitor"
        }
      },
      "oauth_client": [],
      "api_key": [
        {
          "current_key": "AIzaSyAT_js_sQdppPe8ndFSWENPjmPL4QS98hY"
        }
      ],
      "services": {
        "appinvite_service": {
          "other_platform_oauth_client": []
        }
      }
    }
  ],
  "configuration_version": "1"
}